{
  "parent": "minecraft:item/generated",
  "textures": {
    "layer0": "minecraft:item/diamond_sword"
  },
  "overrides": [
    {
      "predicate": {
        "custom_model_data": 20
      },
      "model": "minecraft:item/themanysword"
    },
    {
      "predicate": {
        "custom_model_data": 21
      },
      "model": "minecraft:item/lightningoffering"
    },
    {
      "predicate": {
        "custom_model_data": 22
      },
      "model": "minecraft:item/strongsword"
    },
    {
      "predicate": {
        "custom_model_data": 23
      },
      "model": "minecraft:item/championsgladius"
    },
    {
      "predicate": {
        "custom_model_data": 37
      },
      "model": "minecraft:item/dragonbornesword"
    },
    {
      "predicate": {
        "custom_model_data": 40
      },
      "model": "minecraft:item/enderpearlsword"
    },
    {
      "predicate": {
        "custom_model_data": 41
      },
      "model": "minecraft:item/purpursword"
    },
    {
      "predicate": {
        "custom_model_data": 42
      },
      "model": "minecraft:item/endstonesword"
    },
    {
      "predicate": {
        "custom_model_data": 43
      },
      "model": "minecraft:item/netherbricksword"
    },
    {
      "predicate": {
        "custom_model_data": 46
      },
      "model": "minecraft:item/emeraldsword"
    },
    {
      "predicate": {
        "custom_model_data": 49
      },
      "model": "minecraft:item/greedkhopesh"
    },
    {
      "predicate": {
        "custom_model_data": 50
      },
      "model": "minecraft:item/warriortotem"
    },
    {
      "predicate": {
        "custom_model_data": 51
      },
      "model": "minecraft:item/wroughtnauttotem"
    },
    {
      "predicate": {
        "custom_model_data": 52
      },
      "model": "minecraft:item/lifetotem"
    },
    {
      "predicate": {
        "custom_model_data": 53
      },
      "model": "minecraft:item/juggernauttotem"
    },
    {
      "predicate": {
        "custom_model_data": 54
      },
      "model": "minecraft:item/ragetotem"
    },
    {
      "predicate": {
        "custom_model_data": 55
      },
      "model": "minecraft:item/absorptiontotem"
    },
    {
      "predicate": {
        "custom_model_data": 56
      },
      "model": "minecraft:item/bulwarktotem"
    },
    {
      "predicate": {
        "custom_model_data": 57
      },
      "model": "minecraft:item/strengthtotem"
    },
    {
      "predicate": {
        "custom_model_data": 58
      },
      "model": "minecraft:item/farmertotem"
    },
    {
      "predicate": {
        "custom_model_data": 59
      },
      "model": "minecraft:item/swiftnesstotem"
    },
    {
      "predicate": {
        "custom_model_data": 60
      },
      "model": "minecraft:item/endurancetotem"
    },
    {
      "predicate": {
        "custom_model_data": 61
      },
      "model": "minecraft:item/shieldingtotem"
    },
    {
      "predicate": {
        "custom_model_data": 62
      },
      "model": "minecraft:item/hastetotem"
    },
    {
      "predicate": {
        "custom_model_data": 63
      },
      "model": "minecraft:item/lucktotem"
    },
    {
      "predicate": {
        "custom_model_data": 64
      },
      "model": "minecraft:item/healthtotem"
    },
    {
      "predicate": {
        "custom_model_data": 65
      },
      "model": "minecraft:item/totemsword"
    },
    {
      "predicate": {
        "custom_model_data": 66
      },
      "model": "minecraft:item/midastrident"
    },
    {
      "predicate": {
        "custom_model_data": 69
      },
      "model": "minecraft:item/nightmaresword"
    },
    {
      "predicate": {
        "custom_model_data": 70
      },
      "model": "minecraft:item/frightsword"
    },
    {
      "predicate": {
        "custom_model_data": 74
      },
      "model": "minecraft:item/mechslapper"
    },
    {
      "predicate": {
        "custom_model_data": 86
      },
      "model": "minecraft:item/icenagakiba"
    },
    {
      "predicate": {
        "custom_model_data": 87
      },
      "model": "minecraft:item/flamenagakiba"
    },
    {
      "predicate": {
        "custom_model_data": 89
      },
      "model": "minecraft:item/diamondsword"
    },
    {
      "predicate": {
        "custom_model_data": 94
      },
      "model": "minecraft:item/nagakiba"
    },
    {
      "predicate": {
        "custom_model_data": 95
      },
      "model": "minecraft:item/rapier"
    }
  ]
}
