{
  "parent": "minecraft:item/generated",
  "textures": {
    "layer0": "minecraft:item/stone_sword"
  },
  "overrides": [
    {
      "predicate": {
        "custom_model_data": 26
      },
      "model": "minecraft:item/hermessword"
    },
    {
      "predicate": {
        "custom_model_data": 27
      },
      "model": "minecraft:item/quartzsword"
    },
    {
      "predicate": {
        "custom_model_data": 47
      },
      "model": "minecraft:item/lapissword"
    },
    {
      "predicate": {
        "custom_model_data": 71
      },
      "model": "minecraft:item/candysword"
    },
    {
      "predicate": {
        "custom_model_data": 72
      },
      "model": "minecraft:item/pumpkinsword"
    },
    {
      "predicate": {
        "custom_model_data": 75
      },
      "model": "minecraft:item/slapper"
    },
    {
      "predicate": {
        "custom_model_data": 76
      },
      "model": "minecraft:item/mechanicalbat"
    },
    {
      "predicate": {
        "custom_model_data": 92
      },
      "model": "minecraft:item/stonesword"
    }
  ]
}
