{
  "parent": "minecraft:item/generated",
  "textures": {
    "layer0": "minecraft:item/golden_sword"
  },
  "overrides": [
    {
      "predicate": {
        "custom_model_data": 32
      },
      "model": "minecraft:item/sharprock"
    },
    {
      "predicate": {
        "custom_model_data": 33
      },
      "model": "minecraft:item/pointystick"
    },
    {
      "predicate": {
        "custom_model_data": 34
      },
      "model": "minecraft:item/dirtsword"
    },
    {
      "predicate": {
        "custom_model_data": 45
      },
      "model": "minecraft:item/coalsword"
    },
    {
      "predicate": {
        "custom_model_data": 73
      },
      "model": "minecraft:item/lightningkatana"
    },
    {
      "predicate": {
        "custom_model_data": 78
      },
      "model": "minecraft:item/baseballbat"
    },
    {
      "predicate": {
        "custom_model_data": 83
      },
      "model": "minecraft:item/oreslasher"
    },
    {
      "predicate": {
        "custom_model_data": 84
      },
      "model": "minecraft:item/lightningrapier"
    },
    {
      "predicate": {
        "custom_model_data": 91
      },
      "model": "minecraft:item/goldensword"
    }
  ]
}
