{
  "parent": "minecraft:item/generated",
  "textures": {
    "layer0": "minecraft:item/iron_sword"
  },
  "overrides": [
    {
      "predicate": {
        "custom_model_data": 24
      },
      "model": "minecraft:item/4bladedsword"
    },
    {
      "predicate": {
        "custom_model_data": 25
      },
      "model": "minecraft:item/goldenapplesword"
    },
    {
      "predicate": {
        "custom_model_data": 36
      },
      "model": "minecraft:item/farmersickle"
    },
    {
      "predicate": {
        "custom_model_data": 44
      },
      "model": "minecraft:item/reinforcedstonesword"
    },
    {
      "predicate": {
        "custom_model_data": 79
      },
      "model": "minecraft:item/steelsword"
    },
    {
      "predicate": {
        "custom_model_data": 80
      },
      "model": "minecraft:item/coppersword"
    },
    {
      "predicate": {
        "custom_model_data": 81
      },
      "model": "minecraft:item/silversword"
    },
    {
      "predicate": {
        "custom_model_data": 90
      },
      "model": "minecraft:item/ironsword"
    },
    {
      "predicate": {
        "custom_model_data": 99
      },
      "model": "minecraft:item/devfavor"
    }
  ]
}
