{
  "parent": "minecraft:item/generated",
  "textures": {
    "layer0": "minecraft:item/netherite_sword"
  },
  "overrides": [
    {
      "predicate": {
        "custom_model_data": 17
      },
      "model": "minecraft:item/enchantedgoldenapplesword"
    },
    {
      "predicate": {
        "custom_model_data": 18
      },
      "model": "minecraft:item/rainbowccsword"
    },
    {
      "predicate": {
        "custom_model_data": 19
      },
      "model": "minecraft:item/lavasword"
    },
    {
      "predicate": {
        "custom_model_data": 35
      },
      "model": "minecraft:item/goldensickle"
    },
    {
      "predicate": {
        "custom_model_data": 38
      },
      "model": "minecraft:item/obsidiansword"
    },
    {
      "predicate": {
        "custom_model_data": 39
      },
      "model": "minecraft:item/aethersword"
    },
    {
      "predicate": {
        "custom_model_data": 68
      },
      "model": "minecraft:item/spookyshears"
    },
    {
      "predicate": {
        "custom_model_data": 82
      },
      "model": "minecraft:item/hadeswrath"
    },
    {
      "predicate": {
        "custom_model_data": 85
      },
      "model": "minecraft:item/lightningnagakiba"
    },
    {
      "predicate": {
        "custom_model_data": 88
      },
      "model": "minecraft:item/netheritesword"
    },
    {
      "predicate": {
        "custom_model_data": 100
      },
      "model": "minecraft:item/bertha"
    }
  ]
}
