{
  "parent": "minecraft:item/generated",
  "textures": {
    "layer0": "minecraft:item/wooden_sword"
  },
  "overrides": [
    {
      "predicate": {
        "custom_model_data": 28
      },
      "model": "minecraft:item/enchantedbooksword"
    },
    {
      "predicate": {
        "custom_model_data": 29
      },
      "model": "minecraft:item/applesword"
    },
    {
      "predicate": {
        "custom_model_data": 30
      },
      "model": "minecraft:item/survivorssword"
    },
    {
      "predicate": {
        "custom_model_data": 31
      },
      "model": "minecraft:item/rocksword"
    },
    {
      "predicate": {
        "custom_model_data": 48
      },
      "model": "minecraft:item/redstonesword"
    },
    {
      "predicate": {
        "custom_model_data": 67
      },
      "model": "minecraft:item/glove"
    },
    {
      "predicate": {
        "custom_model_data": 77
      },
      "model": "minecraft:item/strawberrysword"
    },
    {
      "predicate": {
        "custom_model_data": 93
      },
      "model": "minecraft:item/woodensword"
    },
    {
      "predicate": {
        "custom_model_data": 98
      },
      "model": "minecraft:item/rustybell"
    }
  ]
}
